name,type_1,type_2,ability_1,ability_2,ability_hidden,hp,attack,defense,sp_attack,sp_defense,speed
Bulbasaur,Grass,Poison,Overgrow,,Chlorophyll,45,49,49,65,65,45
Ivysaur,Grass,Poison,Overgrow,,Chlorophyll,60,62,63,80,80,60
Venusaur,Grass,Poison,Overgrow,,Chlorophyll,80,82,83,100,100,80
Mega Venusaur,Grass,Poison,Thick Fat,,,80,100,123,122,120,80
Charmander,Fire,,Blaze,,Solar Power,39,52,43,60,50,65
Charmeleon,Fire,,Blaze,,Solar Power,58,64,58,80,65,80
Charizard,Fire,Flying,Blaze,,Solar Power,78,84,78,109,85,100
Mega Charizard X,Fire,Dragon,Tough Claws,,,78,130,111,130,85,100
Mega Charizard Y,Fire,Flying,Drought,,,78,104,78,159,115,100
Squirtle,Water,,Torrent,,Rain Dish,44,48,65,50,64,43
Wartortle,Water,,Torrent,,Rain Dish,59,63,80,65,80,58
Blastoise,Water,,Torrent,,Rain Dish,79,83,100,85,105,78
Mega Blastoise,Water,,Mega Launcher,,,79,103,120,135,115,78
Caterpie,Bug,,Shield Dust,,Run Away,45,30,35,20,20,45
Metapod,Bug,,Shed Skin,,,50,20,55,25,25,30
Butterfree,Bug,Flying,Compound Eyes,,Tinted Lens,60,45,50,90,80,70
Weedle,Bug,Poison,Shield Dust,,Run Away,40,35,30,20,20,50
Kakuna,Bug,Poison,Shed Skin,,,45,25,50,25,25,35
Beedrill,Bug,Poison,Swarm,,Sniper,65,90,40,45,80,75
Mega Beedrill,Bug,Poison,Adaptability,,,65,150,40,15,80,145
Pidgey,Normal,Flying,Keen Eye,Tangled Feet,Big Pecks,40,45,40,35,35,56
Pidgeotto,Normal,Flying,Keen Eye,Tangled Feet,Big Pecks,63,60,55,50,50,71
Pidgeot,Normal,Flying,Keen Eye,Tangled Feet,Big Pecks,83,80,75,70,70,101
Mega Pidgeot,Normal,Flying,No Guard,,,83,80,80,135,80,121
Rattata,Normal,,Run Away,Guts,Hustle,30,56,35,25,35,72
Alolan Rattata,Dark,Normal,Gluttony,Hustle,Thick Fat,30,56,35,25,35,72
Raticate,Normal,,Run Away,Guts,Hustle,55,81,60,50,70,97
Alolan Raticate,Dark,Normal,Gluttony,Hustle,Thick Fat,75,71,70,40,80,77
Spearow,Normal,Flying,Keen Eye,,Sniper,40,60,30,31,31,70
Fearow,Normal,Flying,Keen Eye,,Sniper,65,90,65,61,61,100
Ekans,Poison,,Intimidate,Shed Skin,Unnerve,35,60,44,40,54,55
Arbok,Poison,,Intimidate,Shed Skin,Unnerve,60,95,69,65,79,80
Pikachu,Electric,,Static,,Lightning Rod,35,55,40,50,50,90
Partner Pikachu,Electric,,,,Lightning Rod,45,80,50,75,60,120
Raichu,Electric,,Static,,Lightning Rod,60,90,55,90,80,110
Alolan Raichu,Electric,Psychic,Surge Surfer,,,60,85,50,95,85,110
Sandshrew,Ground,,Sand Veil,,Sand Rush,50,75,85,20,30,40
Alolan Sandshrew,Ice,Steel,Snow Cloak,,Slush Rush,50,75,90,10,35,40
Sandslash,Ground,,Sand Veil,,Sand Rush,75,100,110,45,55,65
Alolan Sandslash,Ice,Steel,Snow Cloak,,Slush Rush,75,100,120,25,65,65
Nidoran♀,Poison,,Poison Point,Rivalry,Hustle,55,47,52,40,40,41
Nidorina,Poison,,Poison Point,Rivalry,Hustle,70,62,67,55,55,56
Nidoqueen,Poison,Ground,Poison Point,Rivalry,Sheer Force,90,92,87,75,85,76
Nidoran♂,Poison,,Poison Point,Rivalry,Hustle,46,57,40,40,40,50
Nidorino,Poison,,Poison Point,Rivalry,Hustle,61,72,57,55,55,65
Nidoking,Poison,Ground,Poison Point,Rivalry,Sheer Force,81,102,77,85,75,85
Clefairy,Fairy,,Cute Charm,Magic Guard,Friend Guard,70,45,48,60,65,35
Clefable,Fairy,,Cute Charm,Magic Guard,Unaware,95,70,73,95,90,60
Vulpix,Fire,,Flash Fire,,Drought,38,41,40,50,65,65
Alolan Vulpix,Ice,,Snow Cloak,,Snow Warning,38,41,40,50,65,65
Ninetales,Fire,,Flash Fire,,Drought,73,76,75,81,100,100
Alolan Ninetales,Ice,Fairy,Snow Cloak,,Snow Warning,73,67,75,81,100,109
Jigglypuff,Normal,Fairy,Cute Charm,Competitive,Friend Guard,115,45,20,45,25,20
Wigglytuff,Normal,Fairy,Cute Charm,Competitive,Frisk,140,70,45,85,50,45
Zubat,Poison,Flying,Inner Focus,,Infiltrator,40,45,35,30,40,55
Golbat,Poison,Flying,Inner Focus,,Infiltrator,75,80,70,65,75,90
Oddish,Grass,Poison,Chlorophyll,,Run Away,45,50,55,75,65,30
Gloom,Grass,Poison,Chlorophyll,,Stench,60,65,70,85,75,40
Vileplume,Grass,Poison,Chlorophyll,,Effect Spore,75,80,85,110,90,50
Paras,Bug,Grass,Effect Spore,Dry Skin,Damp,35,70,55,45,55,25
Parasect,Bug,Grass,Effect Spore,Dry Skin,Damp,60,95,80,60,80,30
Venonat,Bug,Poison,Compound Eyes,Tinted Lens,Run Away,60,55,50,40,55,45
Venomoth,Bug,Poison,Shield Dust,Tinted Lens,Wonder Skin,70,65,60,90,75,90
Diglett,Ground,,Sand Veil,Arena Trap,Sand Force,10,55,25,35,45,95
Alolan Diglett,Ground,Steel,Sand Veil,Tangling Hair,Sand Force,10,55,30,35,45,90
Dugtrio,Ground,,Sand Veil,Arena Trap,Sand Force,35,100,50,50,70,120
Alolan Dugtrio,Ground,Steel,Sand Veil,Tangling Hair,Sand Force,35,100,60,50,70,110
Meowth,Normal,,Pickup,Technician,Unnerve,40,45,35,40,40,90
Alolan Meowth,Dark,,Pickup,Technician,Rattled,40,35,35,50,40,90
Galarian Meowth,Steel,,Pickup,Tough Claws,Unnerve,50,65,55,40,40,40
Persian,Normal,,Limber,Technician,Unnerve,65,70,60,65,65,115
Alolan Persian,Dark,,Fur Coat,Technician,Rattled,65,60,60,75,65,115
Psyduck,Water,,Damp,Cloud Nine,Swift Swim,50,52,48,65,50,55
Golduck,Water,,Damp,Cloud Nine,Swift Swim,80,82,78,95,80,85
Mankey,Fighting,,Vital Spirit,Anger Point,Defiant,40,80,35,35,45,70
Primeape,Fighting,,Vital Spirit,Anger Point,Defiant,65,105,60,60,70,95
Growlithe,Fire,,Intimidate,Flash Fire,Justified,55,70,45,70,50,60
Arcanine,Fire,,Intimidate,Flash Fire,Justified,90,110,80,100,80,95
Poliwag,Water,,Water Absorb,Damp,Swift Swim,40,50,40,40,40,90
Poliwhirl,Water,,Water Absorb,Damp,Swift Swim,65,65,65,50,50,90
Poliwrath,Water,Fighting,Water Absorb,Damp,Swift Swim,90,95,95,70,90,70
Abra,Psychic,,Synchronize,Inner Focus,Magic Guard,25,20,15,105,55,90
Kadabra,Psychic,,Synchronize,Inner Focus,Magic Guard,40,35,30,120,70,105
Alakazam,Psychic,,Synchronize,Inner Focus,Magic Guard,55,50,45,135,95,120
Mega Alakazam,Psychic,,Trace,,,55,50,65,175,105,150
Machop,Fighting,,Guts,No Guard,Steadfast,70,80,50,35,35,35
Machoke,Fighting,,Guts,No Guard,Steadfast,80,100,70,50,60,45
Machamp,Fighting,,Guts,No Guard,Steadfast,90,130,80,65,85,55
Bellsprout,Grass,Poison,Chlorophyll,,Gluttony,50,75,35,70,30,40
Weepinbell,Grass,Poison,Chlorophyll,,Gluttony,65,90,50,85,45,55
Victreebel,Grass,Poison,Chlorophyll,,Gluttony,80,105,65,100,70,70
Tentacool,Water,Poison,Clear Body,Liquid Ooze,Rain Dish,40,40,35,50,100,70
Tentacruel,Water,Poison,Clear Body,Liquid Ooze,Rain Dish,80,70,65,80,120,100
Geodude,Rock,Ground,Rock Head,Sturdy,Sand Veil,40,80,100,30,30,20
Alolan Geodude,Rock,Electric,Magnet Pull,Sturdy,Galvanize,40,80,100,30,30,20
Graveler,Rock,Ground,Rock Head,Sturdy,Sand Veil,55,95,115,45,45,35
Alolan Graveler,Rock,Electric,Magnet Pull,Sturdy,Galvanize,55,95,115,45,45,35
Golem,Rock,Ground,Rock Head,Sturdy,Sand Veil,80,120,130,55,65,45
Alolan Golem,Rock,Electric,Magnet Pull,Sturdy,Galvanize,80,120,130,55,65,45
Ponyta,Fire,,Run Away,Flash Fire,Flame Body,50,85,55,65,65,90
Galarian Ponyta,Psychic,,Run Away,Pastel Veil,Anticipation,50,85,55,65,65,90
Rapidash,Fire,,Run Away,Flash Fire,Flame Body,65,100,70,80,80,105
Galarian Rapidash,Psychic,Fairy,Run Away,Pastel Veil,Anticipation,65,100,70,80,80,105
Slowpoke,Water,Psychic,Oblivious,Own Tempo,Regenerator,90,65,65,40,40,15
Slowbro,Water,Psychic,Oblivious,Own Tempo,Regenerator,95,75,110,100,80,30
Mega Slowbro,Water,Psychic,Shell Armor,,,95,75,180,130,80,30
Magnemite,Electric,Steel,Magnet Pull,Sturdy,Analytic,25,35,70,95,55,45
Magneton,Electric,Steel,Magnet Pull,Sturdy,Analytic,50,60,95,120,70,70
Farfetch'd,Normal,Flying,Keen Eye,Inner Focus,Defiant,52,90,55,58,62,60
Galarian Farfetch'd,Fighting,,Steadfast,,Scrappy,52,95,55,58,62,55
Doduo,Normal,Flying,Run Away,Early Bird,Tangled Feet,35,85,45,35,35,75
Dodrio,Normal,Flying,Run Away,Early Bird,Tangled Feet,60,110,70,60,60,110
Seel,Water,,Thick Fat,Hydration,Ice Body,65,45,55,45,70,45
Dewgong,Water,Ice,Thick Fat,Hydration,Ice Body,90,70,80,70,95,70
Grimer,Poison,,Stench,Sticky Hold,Poison Touch,80,80,50,40,50,25
Alolan Grimer,Poison,Dark,Poison Touch,Gluttony,Power of Alchemy,80,80,50,40,50,25
Muk,Poison,,Stench,Sticky Hold,Poison Touch,105,105,75,65,100,50
Alolan Muk,Poison,Dark,Poison Touch,Gluttony,Power of Alchemy,105,105,75,65,100,50
Shellder,Water,,Shell Armor,Skill Link,Overcoat,30,65,100,45,25,40
Cloyster,Water,Ice,Shell Armor,Skill Link,Overcoat,50,95,180,85,45,70
Gastly,Ghost,Poison,Levitate,,,30,35,30,100,35,80
Haunter,Ghost,Poison,Levitate,,,45,50,45,115,55,95
Gengar,Ghost,Poison,Cursed Body,,,60,65,60,130,75,110
Mega Gengar,Ghost,Poison,Shadow Tag,,,60,65,80,170,95,130
Onix,Rock,Ground,Rock Head,Sturdy,Weak Armor,35,45,160,30,45,70
Drowzee,Psychic,,Insomnia,Forewarn,Inner Focus,60,48,45,43,90,42
Hypno,Psychic,,Insomnia,Forewarn,Inner Focus,85,73,70,73,115,67
Krabby,Water,,Hyper Cutter,Shell Armor,Sheer Force,30,105,90,25,25,50
Kingler,Water,,Hyper Cutter,Shell Armor,Sheer Force,55,130,115,50,50,75
Voltorb,Electric,,Soundproof,Static,Aftermath,40,30,50,55,55,100
Electrode,Electric,,Soundproof,Static,Aftermath,60,50,70,80,80,150
Exeggcute,Grass,Psychic,Chlorophyll,,Harvest,60,40,80,60,45,40
Exeggutor,Grass,Psychic,Chlorophyll,,Harvest,95,95,85,125,75,55
Alolan Exeggutor,Grass,Dragon,Frisk,,Harvest,95,105,85,125,75,45
Cubone,Ground,,Rock Head,Lightning Rod,Battle Armor,50,50,95,40,50,35
Marowak,Ground,,Rock Head,Lightning Rod,Battle Armor,60,80,110,50,80,45
Alolan Marowak,Fire,Ghost,Cursed Body,Lightning Rod,Rock Head,60,80,110,50,80,45
Hitmonlee,Fighting,,Limber,Reckless,Unburden,50,120,53,35,110,87
Hitmonchan,Fighting,,Keen Eye,Iron Fist,Inner Focus,50,105,79,35,110,76
Lickitung,Normal,,Own Tempo,Oblivious,Cloud Nine,90,55,75,60,75,30
Koffing,Poison,,Levitate,Neutralizing Gas,Stench,40,65,95,60,45,35
Weezing,Poison,,Levitate,Neutralizing Gas,Stench,65,90,120,85,70,60
Galarian Weezing,Poison,Fairy,Levitate,Neutralizing Gas,Misty Surge,65,90,120,85,70,60
Rhyhorn,Ground,Rock,Lightning Rod,Rock Head,Reckless,80,85,95,30,30,25
Rhydon,Ground,Rock,Lightning Rod,Rock Head,Reckless,105,130,120,45,45,40
Chansey,Normal,,Natural Cure,Serene Grace,Healer,250,5,5,35,105,50
Tangela,Grass,,Chlorophyll,Leaf Guard,Regenerator,65,55,115,100,40,60
Kangaskhan,Normal,,Early Bird,Scrappy,Inner Focus,105,95,80,40,80,90
Mega Kangaskhan,Normal,,Parental Bond,,,105,125,100,60,100,100
Horsea,Water,,Swift Swim,Sniper,Damp,30,40,70,70,25,60
Seadra,Water,,Poison Point,Sniper,Damp,55,65,95,95,45,85
Goldeen,Water,,Swift Swim,Water Veil,Lightning Rod,45,67,60,35,50,63
Seaking,Water,,Swift Swim,Water Veil,Lightning Rod,80,92,65,65,80,68
Staryu,Water,,Illuminate,Natural Cure,Analytic,30,45,55,70,55,85
Starmie,Water,Psychic,Illuminate,Natural Cure,Analytic,60,75,85,100,85,115
Mr. Mime,Psychic,Fairy,Soundproof,Filter,Technician,40,45,65,100,120,90
Galarian Mr. Mime,Psychic,Ice,Vital Spirit,Screen Cleaner,Ice Body,50,65,65,90,90,100
Scyther,Bug,Flying,Swarm,Technician,Steadfast,70,110,80,55,80,105
Jynx,Ice,Psychic,Oblivious,Forewarn,Dry Skin,65,50,35,115,95,95
Electabuzz,Electric,,Static,,Vital Spirit,65,83,57,95,85,105
Magmar,Fire,,Flame Body,,Vital Spirit,65,95,57,100,85,93
Pinsir,Bug,,Hyper Cutter,Mold Breaker,Moxie,65,125,100,55,70,85
Mega Pinsir,Bug,Flying,Aerilate,,,65,155,120,65,90,105
Tauros,Normal,,Intimidate,Anger Point,Sheer Force,75,100,95,40,70,110
Magikarp,Water,,Swift Swim,,Rattled,20,10,55,15,20,80
Gyarados,Water,Flying,Intimidate,,Moxie,95,125,79,60,100,81
Mega Gyarados,Water,Dark,Mold Breaker,,,95,155,109,70,130,81
Lapras,Water,Ice,Water Absorb,Shell Armor,Hydration,130,85,80,85,95,60
Ditto,Normal,,Limber,,Imposter,48,48,48,48,48,48
Eevee,Normal,,Run Away,Adaptability,Anticipation,55,55,50,45,65,55
Partner Eevee,Normal,,,,Anticipation,65,75,70,65,85,75
Vaporeon,Water,,Water Absorb,,Hydration,130,65,60,110,95,65
Jolteon,Electric,,Volt Absorb,,Quick Feet,65,65,60,110,95,130
Flareon,Fire,,Flash Fire,,Guts,65,130,60,95,110,65
Porygon,Normal,,Trace,Download,Analytic,65,60,70,85,75,40
Omanyte,Rock,Water,Swift Swim,Shell Armor,Weak Armor,35,40,100,90,55,35
Omastar,Rock,Water,Swift Swim,Shell Armor,Weak Armor,70,60,125,115,70,55
Kabuto,Rock,Water,Swift Swim,Battle Armor,Weak Armor,30,80,90,55,45,55
Kabutops,Rock,Water,Swift Swim,Battle Armor,Weak Armor,60,115,105,65,70,80
Aerodactyl,Rock,Flying,Rock Head,Pressure,Unnerve,80,105,65,60,75,130
Mega Aerodactyl,Rock,Flying,Tough Claws,,,80,135,85,70,95,150
Snorlax,Normal,,Immunity,Thick Fat,Gluttony,160,110,65,65,110,30
Articuno,Ice,Flying,Pressure,,Snow Cloak,90,85,100,95,125,85
Zapdos,Electric,Flying,Pressure,,Static,90,90,85,125,90,100
Moltres,Fire,Flying,Pressure,,Flame Body,90,100,90,125,85,90
Dratini,Dragon,,Shed Skin,,Marvel Scale,41,64,45,50,50,50
Dragonair,Dragon,,Shed Skin,,Marvel Scale,61,84,65,70,70,70
Dragonite,Dragon,Flying,Inner Focus,,Multiscale,91,134,95,100,100,80
Mewtwo,Psychic,,Pressure,,Unnerve,106,110,90,154,90,130
Mega Mewtwo X,Psychic,Fighting,Steadfast,,,106,190,100,154,100,130
Mega Mewtwo Y,Psychic,,Insomnia,,,106,150,70,194,120,140
Mew,Psychic,,Synchronize,,,100,100,100,100,100,100
Chikorita,Grass,,Overgrow,,Leaf Guard,45,49,65,49,65,45
Bayleef,Grass,,Overgrow,,Leaf Guard,60,62,80,63,80,60
Meganium,Grass,,Overgrow,,Leaf Guard,80,82,100,83,100,80
Cyndaquil,Fire,,Blaze,,Flash Fire,39,52,43,60,50,65
Quilava,Fire,,Blaze,,Flash Fire,58,64,58,80,65,80
Typhlosion,Fire,,Blaze,,Flash Fire,78,84,78,109,85,100
Totodile,Water,,Torrent,,Sheer Force,50,65,64,44,48,43
Croconaw,Water,,Torrent,,Sheer Force,65,80,80,59,63,58
Feraligatr,Water,,Torrent,,Sheer Force,85,105,100,79,83,78
Sentret,Normal,,Run Away,Keen Eye,Frisk,35,46,34,35,45,20
Furret,Normal,,Run Away,Keen Eye,Frisk,85,76,64,45,55,90
Hoothoot,Normal,Flying,Insomnia,Keen Eye,Tinted Lens,60,30,30,36,56,50
Noctowl,Normal,Flying,Insomnia,Keen Eye,Tinted Lens,100,50,50,86,96,70
Ledyba,Bug,Flying,Swarm,Early Bird,Rattled,40,20,30,40,80,55
Ledian,Bug,Flying,Swarm,Early Bird,Iron Fist,55,35,50,55,110,85
Spinarak,Bug,Poison,Swarm,Insomnia,Sniper,40,60,40,40,40,30
Ariados,Bug,Poison,Swarm,Insomnia,Sniper,70,90,70,60,70,40
Crobat,Poison,Flying,Inner Focus,,Infiltrator,85,90,80,70,80,130
Chinchou,Water,Electric,Volt Absorb,Illuminate,Water Absorb,75,38,38,56,56,67
Lanturn,Water,Electric,Volt Absorb,Illuminate,Water Absorb,125,58,58,76,76,67
Pichu,Electric,,Static,,Lightning Rod,20,40,15,35,35,60
Cleffa,Fairy,,Cute Charm,Magic Guard,Friend Guard,50,25,28,45,55,15
Igglybuff,Normal,Fairy,Cute Charm,Competitive,Friend Guard,90,30,15,40,20,15
Togepi,Fairy,,Hustle,Serene Grace,Super Luck,35,20,65,40,65,20
Togetic,Fairy,Flying,Hustle,Serene Grace,Super Luck,55,40,85,80,105,40
Natu,Psychic,Flying,Synchronize,Early Bird,Magic Bounce,40,50,45,70,45,70
Xatu,Psychic,Flying,Synchronize,Early Bird,Magic Bounce,65,75,70,95,70,95
Mareep,Electric,,Static,,Plus,55,40,40,65,45,35
Flaaffy,Electric,,Static,,Plus,70,55,55,80,60,45
Ampharos,Electric,,Static,,Plus,90,75,85,115,90,55
Mega Ampharos,Electric,Dragon,Mold Breaker,,,90,95,105,165,110,45
Bellossom,Grass,,Chlorophyll,,Healer,75,80,95,90,100,50
Marill,Water,Fairy,Thick Fat,Huge Power,Sap Sipper,70,20,50,20,50,40
Azumarill,Water,Fairy,Thick Fat,Huge Power,Sap Sipper,100,50,80,60,80,50
Sudowoodo,Rock,,Sturdy,Rock Head,Rattled,70,100,115,30,65,30
Politoed,Water,,Water Absorb,Damp,Drizzle,90,75,75,90,100,70
Hoppip,Grass,Flying,Chlorophyll,Leaf Guard,Infiltrator,35,35,40,35,55,50
Skiploom,Grass,Flying,Chlorophyll,Leaf Guard,Infiltrator,55,45,50,45,65,80
Jumpluff,Grass,Flying,Chlorophyll,Leaf Guard,Infiltrator,75,55,70,55,95,110
Aipom,Normal,,Run Away,Pickup,Skill Link,55,70,55,40,55,85
Sunkern,Grass,,Chlorophyll,Solar Power,Early Bird,30,30,30,30,30,30
Sunflora,Grass,,Chlorophyll,Solar Power,Early Bird,75,75,55,105,85,30
Yanma,Bug,Flying,Speed Boost,Compound Eyes,Frisk,65,65,45,75,45,95
Wooper,Water,Ground,Damp,Water Absorb,Unaware,55,45,45,25,25,15
Quagsire,Water,Ground,Damp,Water Absorb,Unaware,95,85,85,65,65,35
Espeon,Psychic,,Synchronize,,Magic Bounce,65,65,60,130,95,110
Umbreon,Dark,,Synchronize,,Inner Focus,95,65,110,60,130,65
Murkrow,Dark,Flying,Insomnia,Super Luck,Prankster,60,85,42,85,42,91
Slowking,Water,Psychic,Oblivious,Own Tempo,Regenerator,95,75,80,100,110,30
Misdreavus,Ghost,,Levitate,,,60,60,60,85,85,85
Unown,Psychic,,Levitate,,,48,72,48,72,48,48
Wobbuffet,Psychic,,Shadow Tag,,Telepathy,190,33,58,33,58,33
Girafarig,Normal,Psychic,Inner Focus,Early Bird,Sap Sipper,70,80,65,90,65,85
Pineco,Bug,,Sturdy,,Overcoat,50,65,90,35,35,15
Forretress,Bug,Steel,Sturdy,,Overcoat,75,90,140,60,60,40
Dunsparce,Normal,,Serene Grace,Run Away,Rattled,100,70,70,65,65,45
Gligar,Ground,Flying,Hyper Cutter,Sand Veil,Immunity,65,75,105,35,65,85
Steelix,Steel,Ground,Rock Head,Sturdy,Sheer Force,75,85,200,55,65,30
Mega Steelix,Steel,Ground,Sand Force,,,75,125,230,55,95,30
Snubbull,Fairy,,Intimidate,Run Away,Rattled,60,80,50,40,40,30
Granbull,Fairy,,Intimidate,Quick Feet,Rattled,90,120,75,60,60,45
Qwilfish,Water,Poison,Poison Point,Swift Swim,Intimidate,65,95,85,55,55,85
Scizor,Bug,Steel,Swarm,Technician,Light Metal,70,130,100,55,80,65
Mega Scizor,Bug,Steel,Technician,,,70,150,140,65,100,75
Shuckle,Bug,Rock,Sturdy,Gluttony,Contrary,20,10,230,10,230,5
Heracross,Bug,Fighting,Swarm,Guts,Moxie,80,125,75,40,95,85
Mega Heracross,Bug,Fighting,Skill Link,,,80,185,115,40,105,75
Sneasel,Dark,Ice,Inner Focus,Keen Eye,Pickpocket,55,95,55,35,75,115
Teddiursa,Normal,,Pickup,Quick Feet,Honey Gather,60,80,50,50,50,40
Ursaring,Normal,,Guts,Quick Feet,Unnerve,90,130,75,75,75,55
Slugma,Fire,,Magma Armor,Flame Body,Weak Armor,40,40,40,70,40,20
Magcargo,Fire,Rock,Magma Armor,Flame Body,Weak Armor,60,50,120,90,80,30
Swinub,Ice,Ground,Oblivious,Snow Cloak,Thick Fat,50,50,40,30,30,50
Piloswine,Ice,Ground,Oblivious,Snow Cloak,Thick Fat,100,100,80,60,60,50
Corsola,Water,Rock,Hustle,Natural Cure,Regenerator,65,55,95,65,95,35
Galarian Corsola,Ghost,,Weak Armor,,Cursed Body,60,55,100,65,100,30
Remoraid,Water,,Hustle,Sniper,Moody,35,65,35,65,35,65
Octillery,Water,,Suction Cups,Sniper,Moody,75,105,75,105,75,45
Delibird,Ice,Flying,Vital Spirit,Hustle,Insomnia,45,55,45,65,45,75
Mantine,Water,Flying,Swift Swim,Water Absorb,Water Veil,85,40,70,80,140,70
Skarmory,Steel,Flying,Keen Eye,Sturdy,Weak Armor,65,80,140,40,70,70
Houndour,Dark,Fire,Early Bird,Flash Fire,Unnerve,45,60,30,80,50,65
Houndoom,Dark,Fire,Early Bird,Flash Fire,Unnerve,75,90,50,110,80,95
Mega Houndoom,Dark,Fire,Solar Power,,,75,90,90,140,90,115
Kingdra,Water,Dragon,Swift Swim,Sniper,Damp,75,95,95,95,95,85
Phanpy,Ground,,Pickup,,Sand Veil,90,60,60,40,40,40
Donphan,Ground,,Sturdy,,Sand Veil,90,120,120,60,60,50
Porygon2,Normal,,Trace,Download,Analytic,85,80,90,105,95,60
Stantler,Normal,,Intimidate,Frisk,Sap Sipper,73,95,62,85,65,85
Smeargle,Normal,,Own Tempo,Technician,Moody,55,20,35,20,45,75
Tyrogue,Fighting,,Guts,Steadfast,Vital Spirit,35,35,35,35,35,35
Hitmontop,Fighting,,Intimidate,Technician,Steadfast,50,95,95,35,110,70
Smoochum,Ice,Psychic,Oblivious,Forewarn,Hydration,45,30,15,85,65,65
Elekid,Electric,,Static,,Vital Spirit,45,63,37,65,55,95
Magby,Fire,,Flame Body,,Vital Spirit,45,75,37,70,55,83
Miltank,Normal,,Thick Fat,Scrappy,Sap Sipper,95,80,105,40,70,100
Blissey,Normal,,Natural Cure,Serene Grace,Healer,255,10,10,75,135,55
Raikou,Electric,,Pressure,,Inner Focus,90,85,75,115,100,115
Entei,Fire,,Pressure,,Inner Focus,115,115,85,90,75,100
Suicune,Water,,Pressure,,Inner Focus,100,75,115,90,115,85
Larvitar,Rock,Ground,Guts,,Sand Veil,50,64,50,45,50,41
Pupitar,Rock,Ground,Shed Skin,,,70,84,70,65,70,51
Tyranitar,Rock,Dark,Sand Stream,,Unnerve,100,134,110,95,100,61
Mega Tyranitar,Rock,Dark,Sand Stream,,,100,164,150,95,120,71
Lugia,Psychic,Flying,Pressure,,Multiscale,106,90,130,90,154,110
Ho-oh,Fire,Flying,Pressure,,Regenerator,106,130,90,110,154,90
Celebi,Psychic,Grass,Natural Cure,,,100,100,100,100,100,100
Treecko,Grass,,Overgrow,,Unburden,40,45,35,65,55,70
Grovyle,Grass,,Overgrow,,Unburden,50,65,45,85,65,95
Sceptile,Grass,,Overgrow,,Unburden,70,85,65,105,85,120
Mega Sceptile,Grass,Dragon,Lightning Rod,,,70,110,75,145,85,145
Torchic,Fire,,Blaze,,Speed Boost,45,60,40,70,50,45
Combusken,Fire,Fighting,Blaze,,Speed Boost,60,85,60,85,60,55
Blaziken,Fire,Fighting,Blaze,,Speed Boost,80,120,70,110,70,80
Mega Blaziken,Fire,Fighting,Speed Boost,,,80,160,80,130,80,100
Mudkip,Water,,Torrent,,Damp,50,70,50,50,50,40
Marshtomp,Water,Ground,Torrent,,Damp,70,85,70,60,70,50
Swampert,Water,Ground,Torrent,,Damp,100,110,90,85,90,60
Mega Swampert,Water,Ground,Swift Swim,,,100,150,110,95,110,70
Poochyena,Dark,,Run Away,Quick Feet,Rattled,35,55,35,30,30,35
Mightyena,Dark,,Intimidate,Quick Feet,Moxie,70,90,70,60,60,70
Zigzagoon,Normal,,Pickup,Gluttony,Quick Feet,38,30,41,30,41,60
Galarian Zigzagoon,Dark,Normal,Pickup,Gluttony,Quick Feet,38,30,41,30,41,60
Linoone,Normal,,Pickup,Gluttony,Quick Feet,78,70,61,50,61,100
Galarian Linoone,Dark,Normal,Pickup,Gluttony,Quick Feet,78,70,61,50,61,100
Wurmple,Bug,,Shield Dust,,Run Away,45,45,35,20,30,20
Silcoon,Bug,,Shed Skin,,,50,35,55,25,25,15
Beautifly,Bug,Flying,Swarm,,Rivalry,60,70,50,100,50,65
Cascoon,Bug,,Shed Skin,,,50,35,55,25,25,15
Dustox,Bug,Poison,Shield Dust,,Compound Eyes,60,50,70,50,90,65
Lotad,Water,Grass,Swift Swim,Rain Dish,Own Tempo,40,30,30,40,50,30
Lombre,Water,Grass,Swift Swim,Rain Dish,Own Tempo,60,50,50,60,70,50
Ludicolo,Water,Grass,Swift Swim,Rain Dish,Own Tempo,80,70,70,90,100,70
Seedot,Grass,,Chlorophyll,Early Bird,Pickpocket,40,40,50,30,30,30
Nuzleaf,Grass,Dark,Chlorophyll,Early Bird,Pickpocket,70,70,40,60,40,60
Shiftry,Grass,Dark,Chlorophyll,Early Bird,Pickpocket,90,100,60,90,60,80
Taillow,Normal,Flying,Guts,,Scrappy,40,55,30,30,30,85
Swellow,Normal,Flying,Guts,,Scrappy,60,85,60,75,50,125
Wingull,Water,Flying,Keen Eye,Hydration,Rain Dish,40,30,30,55,30,85
Pelipper,Water,Flying,Keen Eye,Drizzle,Rain Dish,60,50,100,95,70,65
Ralts,Psychic,Fairy,Synchronize,Trace,Telepathy,28,25,25,45,35,40
Kirlia,Psychic,Fairy,Synchronize,Trace,Telepathy,38,35,35,65,55,50
Gardevoir,Psychic,Fairy,Synchronize,Trace,Telepathy,68,65,65,125,115,80
Mega Gardevoir,Psychic,Fairy,Pixilate,,,68,85,65,165,135,100
Surskit,Bug,Water,Swift Swim,,Rain Dish,40,30,32,50,52,65
Masquerain,Bug,Flying,Intimidate,,Unnerve,70,60,62,100,82,80
Shroomish,Grass,,Effect Spore,Poison Heal,Quick Feet,60,40,60,40,60,35
Breloom,Grass,Fighting,Effect Spore,Poison Heal,Technician,60,130,80,60,60,70
Slakoth,Normal,,Truant,,,60,60,60,35,35,30
Vigoroth,Normal,,Vital Spirit,,,80,80,80,55,55,90
Slaking,Normal,,Truant,,,150,160,100,95,65,100
Nincada,Bug,Ground,Compound Eyes,,Run Away,31,45,90,30,30,40
Ninjask,Bug,Flying,Speed Boost,,Infiltrator,61,90,45,50,50,160
Shedinja,Bug,Ghost,Wonder Guard,,,1,90,45,30,30,40
Whismur,Normal,,Soundproof,,Rattled,64,51,23,51,23,28
Loudred,Normal,,Soundproof,,Scrappy,84,71,43,71,43,48
Exploud,Normal,,Soundproof,,Scrappy,104,91,63,91,73,68
Makuhita,Fighting,,Thick Fat,Guts,Sheer Force,72,60,30,20,30,25
Hariyama,Fighting,,Thick Fat,Guts,Sheer Force,144,120,60,40,60,50
Azurill,Normal,Fairy,Thick Fat,Huge Power,Sap Sipper,50,20,40,20,40,20
Nosepass,Rock,,Sturdy,Magnet Pull,Sand Force,30,45,135,45,90,30
Skitty,Normal,,Cute Charm,Normalize,Wonder Skin,50,45,45,35,35,50
Delcatty,Normal,,Cute Charm,Normalize,Wonder Skin,70,65,65,55,55,90
Sableye,Dark,Ghost,Keen Eye,Stall,Prankster,50,75,75,65,65,50
Mega Sableye,Dark,Ghost,Magic Bounce,,,50,85,125,85,115,20
Mawile,Steel,Fairy,Hyper Cutter,Intimidate,Sheer Force,50,85,85,55,55,50
Mega Mawile,Steel,Fairy,Huge Power,,,50,105,125,55,95,50
Aron,Steel,Rock,Sturdy,Rock Head,Heavy Metal,50,70,100,40,40,30
Lairon,Steel,Rock,Sturdy,Rock Head,Heavy Metal,60,90,140,50,50,40
Aggron,Steel,Rock,Sturdy,Rock Head,Heavy Metal,70,110,180,60,60,50
Mega Aggron,Steel,,Filter,,,70,140,230,60,80,50
Meditite,Fighting,Psychic,Pure Power,,Telepathy,30,40,55,40,55,60
Medicham,Fighting,Psychic,Pure Power,,Telepathy,60,60,75,60,75,80
Mega Medicham,Fighting,Psychic,Pure Power,,,60,100,85,80,85,100
Electrike,Electric,,Static,Lightning Rod,Minus,40,45,40,65,40,65
Manectric,Electric,,Static,Lightning Rod,Minus,70,75,60,105,60,105
Mega Manectric,Electric,,Intimidate,,,70,75,80,135,80,135
Plusle,Electric,,Plus,,Lightning Rod,60,50,40,85,75,95
Minun,Electric,,Minus,,Volt Absorb,60,40,50,75,85,95
Volbeat,Bug,,Illuminate,Swarm,Prankster,65,73,75,47,85,85
Illumise,Bug,,Oblivious,Tinted Lens,Prankster,65,47,75,73,85,85
Roselia,Grass,Poison,Natural Cure,Poison Point,Leaf Guard,50,60,45,100,80,65
Gulpin,Poison,,Liquid Ooze,Sticky Hold,Gluttony,70,43,53,43,53,40
Swalot,Poison,,Liquid Ooze,Sticky Hold,Gluttony,100,73,83,73,83,55
Carvanha,Water,Dark,Rough Skin,,Speed Boost,45,90,20,65,20,65
Sharpedo,Water,Dark,Rough Skin,,Speed Boost,70,120,40,95,40,95
Mega Sharpedo,Water,Dark,Strong Jaw,,,70,140,70,110,65,105
Wailmer,Water,,Water Veil,Oblivious,Pressure,130,70,35,70,35,60
Wailord,Water,,Water Veil,Oblivious,Pressure,170,90,45,90,45,60
Numel,Fire,Ground,Oblivious,Simple,Own Tempo,60,60,40,65,45,35
Camerupt,Fire,Ground,Magma Armor,Solid Rock,Anger Point,70,100,70,105,75,40
Mega Camerupt,Fire,Ground,Sheer Force,,,70,120,100,145,105,20
Torkoal,Fire,,White Smoke,Drought,Shell Armor,70,85,140,85,70,20
Spoink,Psychic,,Thick Fat,Own Tempo,Gluttony,60,25,35,70,80,60
Grumpig,Psychic,,Thick Fat,Own Tempo,Gluttony,80,45,65,90,110,80
Spinda,Normal,,Own Tempo,Tangled Feet,Contrary,60,60,60,60,60,60
Trapinch,Ground,,Hyper Cutter,Arena Trap,Sheer Force,45,100,45,45,45,10
Vibrava,Ground,Dragon,Levitate,,,50,70,50,50,50,70
Flygon,Ground,Dragon,Levitate,,,80,100,80,80,80,100
Cacnea,Grass,,Sand Veil,,Water Absorb,50,85,40,85,40,35
Cacturne,Grass,Dark,Sand Veil,,Water Absorb,70,115,60,115,60,55
Swablu,Normal,Flying,Natural Cure,,Cloud Nine,45,40,60,40,75,50
Altaria,Dragon,Flying,Natural Cure,,Cloud Nine,75,70,90,70,105,80
Mega Altaria,Dragon,Fairy,Pixilate,,,75,110,110,110,105,80
Zangoose,Normal,,Immunity,,Toxic Boost,73,115,60,60,60,90
Seviper,Poison,,Shed Skin,,Infiltrator,73,100,60,100,60,65
Lunatone,Rock,Psychic,Levitate,,,90,55,65,95,85,70
Solrock,Rock,Psychic,Levitate,,,90,95,85,55,65,70
Barboach,Water,Ground,Oblivious,Anticipation,Hydration,50,48,43,46,41,60
Whiscash,Water,Ground,Oblivious,Anticipation,Hydration,110,78,73,76,71,60
Corphish,Water,,Hyper Cutter,Shell Armor,Adaptability,43,80,65,50,35,35
Crawdaunt,Water,Dark,Hyper Cutter,Shell Armor,Adaptability,63,120,85,90,55,55
Baltoy,Ground,Psychic,Levitate,,,40,40,55,40,70,55
Claydol,Ground,Psychic,Levitate,,,60,70,105,70,120,75
Lileep,Rock,Grass,Suction Cups,,Storm Drain,66,41,77,61,87,23
Cradily,Rock,Grass,Suction Cups,,Storm Drain,86,81,97,81,107,43
Anorith,Rock,Bug,Battle Armor,,Swift Swim,45,95,50,40,50,75
Armaldo,Rock,Bug,Battle Armor,,Swift Swim,75,125,100,70,80,45
Feebas,Water,,Swift Swim,Oblivious,Adaptability,20,15,20,10,55,80
Milotic,Water,,Marvel Scale,Competitive,Cute Charm,95,60,79,100,125,81
Castform,Normal,,Forecast,,,70,70,70,70,70,70
Castform Sunny Form,Fire,,Forecast,,,70,70,70,70,70,70
Castform Rainy Form,Water,,Forecast,,,70,70,70,70,70,70
Castform Snowy Form,Ice,,Forecast,,,70,70,70,70,70,70
Kecleon,Normal,,Color Change,,Protean,60,90,70,60,120,40
Shuppet,Ghost,,Insomnia,Frisk,Cursed Body,44,75,35,63,33,45
Banette,Ghost,,Insomnia,Frisk,Cursed Body,64,115,65,83,63,65
Mega Banette,Ghost,,Prankster,,,64,165,75,93,83,75
Duskull,Ghost,,Levitate,,Frisk,20,40,90,30,90,25
Dusclops,Ghost,,Pressure,,Frisk,40,70,130,60,130,25
Tropius,Grass,Flying,Chlorophyll,Solar Power,Harvest,99,68,83,72,87,51
Chimecho,Psychic,,Levitate,,,75,50,80,95,90,65
Absol,Dark,,Pressure,Super Luck,Justified,65,130,60,75,60,75
Mega Absol,Dark,,Magic Bounce,,,65,150,60,115,60,115
Wynaut,Psychic,,Shadow Tag,,Telepathy,95,23,48,23,48,23
Snorunt,Ice,,Inner Focus,Ice Body,Moody,50,50,50,50,50,50
Glalie,Ice,,Inner Focus,Ice Body,Moody,80,80,80,80,80,80
Mega Glalie,Ice,,Refrigerate,,,80,120,80,120,80,100
Spheal,Ice,Water,Thick Fat,Ice Body,Oblivious,70,40,50,55,50,25
Sealeo,Ice,Water,Thick Fat,Ice Body,Oblivious,90,60,70,75,70,45
Walrein,Ice,Water,Thick Fat,Ice Body,Oblivious,110,80,90,95,90,65
Clamperl,Water,,Shell Armor,,Rattled,35,64,85,74,55,32
Huntail,Water,,Swift Swim,,Water Veil,55,104,105,94,75,52
Gorebyss,Water,,Swift Swim,,Hydration,55,84,105,114,75,52
Relicanth,Water,Rock,Swift Swim,Rock Head,Sturdy,100,90,130,45,65,55
Luvdisc,Water,,Swift Swim,,Hydration,43,30,55,40,65,97
Bagon,Dragon,,Rock Head,,Sheer Force,45,75,60,40,30,50
Shelgon,Dragon,,Rock Head,,Overcoat,65,95,100,60,50,50
Salamence,Dragon,Flying,Intimidate,,Moxie,95,135,80,110,80,100
Mega Salamence,Dragon,Flying,Aerilate,,,95,145,130,120,90,120
Beldum,Steel,Psychic,Clear Body,,Light Metal,40,55,80,35,60,30
Metang,Steel,Psychic,Clear Body,,Light Metal,60,75,100,55,80,50
Metagross,Steel,Psychic,Clear Body,,Light Metal,80,135,130,95,90,70
Mega Metagross,Steel,Psychic,Tough Claws,,,80,145,150,105,110,110
Regirock,Rock,,Clear Body,,Sturdy,80,100,200,50,100,50
Regice,Ice,,Clear Body,,Ice Body,80,50,100,100,200,50
Registeel,Steel,,Clear Body,,Light Metal,80,75,150,75,150,50
Latias,Dragon,Psychic,Levitate,,,80,80,90,110,130,110
Mega Latias,Dragon,Psychic,Levitate,,,80,100,120,140,150,110
Latios,Dragon,Psychic,Levitate,,,80,90,80,130,110,110
Mega Latios,Dragon,Psychic,Levitate,,,80,130,100,160,120,110
Kyogre,Water,,Drizzle,,,100,100,90,150,140,90
Primal Kyogre,Water,,Primordial Sea,,,100,150,90,180,160,90
Groudon,Ground,,Drought,,,100,150,140,100,90,90
Primal Groudon,Ground,Fire,Desolate Land,,,100,180,160,150,90,90
Rayquaza,Dragon,Flying,Air Lock,,,105,150,90,150,90,95
Mega Rayquaza,Dragon,Flying,Delta Stream,,,105,180,100,180,100,115
Jirachi,Steel,Psychic,Serene Grace,,,100,100,100,100,100,100
Deoxys Normal Forme,Psychic,,Pressure,,,50,150,50,150,50,150
Deoxys Attack Forme,Psychic,,Pressure,,,50,180,20,180,20,150
Deoxys Defense Forme,Psychic,,Pressure,,,50,70,160,70,160,90
Deoxys Speed Forme,Psychic,,Pressure,,,50,95,90,95,90,180
Turtwig,Grass,,Overgrow,,Shell Armor,55,68,64,45,55,31
Grotle,Grass,,Overgrow,,Shell Armor,75,89,85,55,65,36
Torterra,Grass,Ground,Overgrow,,Shell Armor,95,109,105,75,85,56
Chimchar,Fire,,Blaze,,Iron Fist,44,58,44,58,44,61
Monferno,Fire,Fighting,Blaze,,Iron Fist,64,78,52,78,52,81
Infernape,Fire,Fighting,Blaze,,Iron Fist,76,104,71,104,71,108
Piplup,Water,,Torrent,,Defiant,53,51,53,61,56,40
Prinplup,Water,,Torrent,,Defiant,64,66,68,81,76,50
Empoleon,Water,Steel,Torrent,,Defiant,84,86,88,111,101,60
Starly,Normal,Flying,Keen Eye,,Reckless,40,55,30,30,30,60
Staravia,Normal,Flying,Intimidate,,Reckless,55,75,50,40,40,80
Staraptor,Normal,Flying,Intimidate,,Reckless,85,120,70,50,60,100
Bidoof,Normal,,Simple,Unaware,Moody,59,45,40,35,40,31
Bibarel,Normal,Water,Simple,Unaware,Moody,79,85,60,55,60,71
Kricketot,Bug,,Shed Skin,,Run Away,37,25,41,25,41,25
Kricketune,Bug,,Swarm,,Technician,77,85,51,55,51,65
Shinx,Electric,,Rivalry,Intimidate,Guts,45,65,34,40,34,45
Luxio,Electric,,Rivalry,Intimidate,Guts,60,85,49,60,49,60
Luxray,Electric,,Rivalry,Intimidate,Guts,80,120,79,95,79,70
Budew,Grass,Poison,Natural Cure,Poison Point,Leaf Guard,40,30,35,50,70,55
Roserade,Grass,Poison,Natural Cure,Poison Point,Technician,60,70,65,125,105,90
Cranidos,Rock,,Mold Breaker,,Sheer Force,67,125,40,30,30,58
Rampardos,Rock,,Mold Breaker,,Sheer Force,97,165,60,65,50,58
Shieldon,Rock,Steel,Sturdy,,Soundproof,30,42,118,42,88,30
Bastiodon,Rock,Steel,Sturdy,,Soundproof,60,52,168,47,138,30
Burmy,Bug,,Shed Skin,,Overcoat,40,29,45,29,45,36
Wormadam Plant Cloak,Bug,Grass,Anticipation,,Overcoat,60,59,85,79,105,36
Wormadam Sandy Cloak,Bug,Ground,Anticipation,,Overcoat,60,79,105,59,85,36
Wormadam Trash Cloak,Bug,Steel,Anticipation,,Overcoat,60,69,95,69,95,36
Mothim,Bug,Flying,Swarm,,Tinted Lens,70,94,50,94,50,66
Combee,Bug,Flying,Honey Gather,,Hustle,30,30,42,30,42,70
Vespiquen,Bug,Flying,Pressure,,Unnerve,70,80,102,80,102,40
Pachirisu,Electric,,Run Away,Pickup,Volt Absorb,60,45,70,45,90,95
Buizel,Water,,Swift Swim,,Water Veil,55,65,35,60,30,85
Floatzel,Water,,Swift Swim,,Water Veil,85,105,55,85,50,115
Cherubi,Grass,,Chlorophyll,,,45,35,45,62,53,35
Cherrim,Grass,,Flower Gift,,,70,60,70,87,78,85
Shellos,Water,,Sticky Hold,Storm Drain,Sand Force,76,48,48,57,62,34
Gastrodon,Water,Ground,Sticky Hold,Storm Drain,Sand Force,111,83,68,92,82,39
Ambipom,Normal,,Technician,Pickup,Skill Link,75,100,66,60,66,115
Drifloon,Ghost,Flying,Aftermath,Unburden,Flare Boost,90,50,34,60,44,70
Drifblim,Ghost,Flying,Aftermath,Unburden,Flare Boost,150,80,44,90,54,80
Buneary,Normal,,Run Away,Klutz,Limber,55,66,44,44,56,85
Lopunny,Normal,,Cute Charm,Klutz,Limber,65,76,84,54,96,105
Mega Lopunny,Normal,Fighting,Scrappy,,,65,136,94,54,96,135
Mismagius,Ghost,,Levitate,,,60,60,60,105,105,105
Honchkrow,Dark,Flying,Insomnia,Super Luck,Moxie,100,125,52,105,52,71
Glameow,Normal,,Limber,Own Tempo,Keen Eye,49,55,42,42,37,85
Purugly,Normal,,Thick Fat,Own Tempo,Defiant,71,82,64,64,59,112
Chingling,Psychic,,Levitate,,,45,30,50,65,50,45
Stunky,Poison,Dark,Stench,Aftermath,Keen Eye,63,63,47,41,41,74
Skuntank,Poison,Dark,Stench,Aftermath,Keen Eye,103,93,67,71,61,84
Bronzor,Steel,Psychic,Levitate,Heatproof,Heavy Metal,57,24,86,24,86,23
Bronzong,Steel,Psychic,Levitate,Heatproof,Heavy Metal,67,89,116,79,116,33
Bonsly,Rock,,Sturdy,Rock Head,Rattled,50,80,95,10,45,10
Mime Jr.,Psychic,Fairy,Soundproof,Filter,Technician,20,25,45,70,90,60
Happiny,Normal,,Natural Cure,Serene Grace,Friend Guard,100,5,5,15,65,30
Chatot,Normal,Flying,Keen Eye,Tangled Feet,Big Pecks,76,65,45,92,42,91
Spiritomb,Ghost,Dark,Pressure,,Infiltrator,50,92,108,92,108,35
Gible,Dragon,Ground,Sand Veil,,Rough Skin,58,70,45,40,45,42
Gabite,Dragon,Ground,Sand Veil,,Rough Skin,68,90,65,50,55,82
Garchomp,Dragon,Ground,Sand Veil,,Rough Skin,108,130,95,80,85,102
Mega Garchomp,Dragon,Ground,Sand Force,,,108,170,115,120,95,92
Munchlax,Normal,,Pickup,Thick Fat,Gluttony,135,85,40,40,85,5
Riolu,Fighting,,Steadfast,Inner Focus,Prankster,40,70,40,35,40,60
Lucario,Fighting,Steel,Steadfast,Inner Focus,Justified,70,110,70,115,70,90
Mega Lucario,Fighting,Steel,Adaptability,,,70,145,88,140,70,112
Hippopotas,Ground,,Sand Stream,,Sand Force,68,72,78,38,42,32
Hippowdon,Ground,,Sand Stream,,Sand Force,108,112,118,68,72,47
Skorupi,Poison,Bug,Battle Armor,Sniper,Keen Eye,40,50,90,30,55,65
Drapion,Poison,Dark,Battle Armor,Sniper,Keen Eye,70,90,110,60,75,95
Croagunk,Poison,Fighting,Anticipation,Dry Skin,Poison Touch,48,61,40,61,40,50
Toxicroak,Poison,Fighting,Anticipation,Dry Skin,Poison Touch,83,106,65,86,65,85
Carnivine,Grass,,Levitate,,,74,100,72,90,72,46
Finneon,Water,,Swift Swim,Storm Drain,Water Veil,49,49,56,49,61,66
Lumineon,Water,,Swift Swim,Storm Drain,Water Veil,69,69,76,69,86,91
Mantyke,Water,Flying,Swift Swim,Water Absorb,Water Veil,45,20,50,60,120,50
Snover,Grass,Ice,Snow Warning,,Soundproof,60,62,50,62,60,40
Abomasnow,Grass,Ice,Snow Warning,,Soundproof,90,92,75,92,85,60
Mega Abomasnow,Grass,Ice,Snow Warning,,,90,132,105,132,105,30
Weavile,Dark,Ice,Pressure,,Pickpocket,70,120,65,45,85,125
Magnezone,Electric,Steel,Magnet Pull,Sturdy,Analytic,70,70,115,130,90,60
Lickilicky,Normal,,Own Tempo,Oblivious,Cloud Nine,110,85,95,80,95,50
Rhyperior,Ground,Rock,Lightning Rod,Solid Rock,Reckless,115,140,130,55,55,40
Tangrowth,Grass,,Chlorophyll,Leaf Guard,Regenerator,100,100,125,110,50,50
Electivire,Electric,,Motor Drive,,Vital Spirit,75,123,67,95,85,95
Magmortar,Fire,,Flame Body,,Vital Spirit,75,95,67,125,95,83
Togekiss,Fairy,Flying,Hustle,Serene Grace,Super Luck,85,50,95,120,115,80
Yanmega,Bug,Flying,Speed Boost,Tinted Lens,Frisk,86,76,86,116,56,95
Leafeon,Grass,,Leaf Guard,,Chlorophyll,65,110,130,60,65,95
Glaceon,Ice,,Snow Cloak,,Ice Body,65,60,110,130,95,65
Gliscor,Ground,Flying,Hyper Cutter,Sand Veil,Poison Heal,75,95,125,45,75,95
Mamoswine,Ice,Ground,Oblivious,Snow Cloak,Thick Fat,110,130,80,70,60,80
Porygon-Z,Normal,,Adaptability,Download,Analytic,85,80,70,135,75,90
Gallade,Psychic,Fighting,Steadfast,,Justified,68,125,65,65,115,80
Mega Gallade,Psychic,Fighting,Inner Focus,,,68,165,95,65,115,110
Probopass,Rock,Steel,Sturdy,Magnet Pull,Sand Force,60,55,145,75,150,40
Dusknoir,Ghost,,Pressure,,Frisk,45,100,135,65,135,45
Froslass,Ice,Ghost,Snow Cloak,,Cursed Body,70,80,70,80,70,110
Rotom,Electric,Ghost,Levitate,,,50,50,77,95,77,91
Heat Rotom,Electric,Fire,Levitate,,,50,65,107,105,107,86
Wash Rotom,Electric,Water,Levitate,,,50,65,107,105,107,86
Frost Rotom,Electric,Ice,Levitate,,,50,65,107,105,107,86
Fan Rotom,Electric,Flying,Levitate,,,50,65,107,105,107,86
Mow Rotom,Electric,Grass,Levitate,,,50,65,107,105,107,86
Uxie,Psychic,,Levitate,,,75,75,130,75,130,95
Mesprit,Psychic,,Levitate,,,80,105,105,105,105,80
Azelf,Psychic,,Levitate,,,75,125,70,125,70,115
Dialga,Steel,Dragon,Pressure,,Telepathy,100,120,120,150,100,90
Palkia,Water,Dragon,Pressure,,Telepathy,90,120,100,150,120,100
Heatran,Fire,Steel,Flash Fire,,Flame Body,91,90,106,130,106,77
Regigigas,Normal,,Slow Start,,,110,160,110,80,110,100
Giratina Altered Forme,Ghost,Dragon,Pressure,,Telepathy,150,100,120,100,120,90
Giratina Origin Forme,Ghost,Dragon,Levitate,,,150,120,100,120,100,90
Cresselia,Psychic,,Levitate,,,120,70,120,75,130,85
Phione,Water,,Hydration,,,80,80,80,80,80,80
Manaphy,Water,,Hydration,,,100,100,100,100,100,100
Darkrai,Dark,,Bad Dreams,,,70,90,90,135,90,125
Shaymin Land Forme,Grass,,Natural Cure,,,100,100,100,100,100,100
Shaymin Sky Forme,Grass,Flying,Serene Grace,,,100,103,75,120,75,127
Arceus,Normal,,Multitype,,,120,120,120,120,120,120
Victini,Psychic,Fire,Victory Star,,,100,100,100,100,100,100
Snivy,Grass,,Overgrow,,Contrary,45,45,55,45,55,63
Servine,Grass,,Overgrow,,Contrary,60,60,75,60,75,83
Serperior,Grass,,Overgrow,,Contrary,75,75,95,75,95,113
Tepig,Fire,,Blaze,,Thick Fat,65,63,45,45,45,45
Pignite,Fire,Fighting,Blaze,,Thick Fat,90,93,55,70,55,55
Emboar,Fire,Fighting,Blaze,,Reckless,110,123,65,100,65,65
Oshawott,Water,,Torrent,,Shell Armor,55,55,45,63,45,45
Dewott,Water,,Torrent,,Shell Armor,75,75,60,83,60,60
Samurott,Water,,Torrent,,Shell Armor,95,100,85,108,70,70
Patrat,Normal,,Run Away,Keen Eye,Analytic,45,55,39,35,39,42
Watchog,Normal,,Illuminate,Keen Eye,Analytic,60,85,69,60,69,77
Lillipup,Normal,,Vital Spirit,Pickup,Run Away,45,60,45,25,45,55
Herdier,Normal,,Intimidate,Sand Rush,Scrappy,65,80,65,35,65,60
Stoutland,Normal,,Intimidate,Sand Rush,Scrappy,85,110,90,45,90,80
Purrloin,Dark,,Limber,Unburden,Prankster,41,50,37,50,37,66
Liepard,Dark,,Limber,Unburden,Prankster,64,88,50,88,50,106
Pansage,Grass,,Gluttony,,Overgrow,50,53,48,53,48,64
Simisage,Grass,,Gluttony,,Overgrow,75,98,63,98,63,101
Pansear,Fire,,Gluttony,,Blaze,50,53,48,53,48,64
Simisear,Fire,,Gluttony,,Blaze,75,98,63,98,63,101
Panpour,Water,,Gluttony,,Torrent,50,53,48,53,48,64
Simipour,Water,,Gluttony,,Torrent,75,98,63,98,63,101
Munna,Psychic,,Forewarn,Synchronize,Telepathy,76,25,45,67,55,24
Musharna,Psychic,,Forewarn,Synchronize,Telepathy,116,55,85,107,95,29
Pidove,Normal,Flying,Big Pecks,Super Luck,Rivalry,50,55,50,36,30,43
Tranquill,Normal,Flying,Big Pecks,Super Luck,Rivalry,62,77,62,50,42,65
Unfezant,Normal,Flying,Big Pecks,Super Luck,Rivalry,80,115,80,65,55,93
Blitzle,Electric,,Lightning Rod,Motor Drive,Sap Sipper,45,60,32,50,32,76
Zebstrika,Electric,,Lightning Rod,Motor Drive,Sap Sipper,75,100,63,80,63,116
Roggenrola,Rock,,Sturdy,Weak Armor,Sand Force,55,75,85,25,25,15
Boldore,Rock,,Sturdy,Weak Armor,Sand Force,70,105,105,50,40,20
Gigalith,Rock,,Sturdy,Sand Stream,Sand Force,85,135,130,60,80,25
Woobat,Psychic,Flying,Unaware,Klutz,Simple,65,45,43,55,43,72
Swoobat,Psychic,Flying,Unaware,Klutz,Simple,67,57,55,77,55,114
Drilbur,Ground,,Sand Rush,Sand Force,Mold Breaker,60,85,40,30,45,68
Excadrill,Ground,Steel,Sand Rush,Sand Force,Mold Breaker,110,135,60,50,65,88
Audino,Normal,,Healer,Regenerator,Klutz,103,60,86,60,86,50
Mega Audino,Normal,Fairy,Healer,,,103,60,126,80,126,50
Timburr,Fighting,,Guts,Sheer Force,Iron Fist,75,80,55,25,35,35
Gurdurr,Fighting,,Guts,Sheer Force,Iron Fist,85,105,85,40,50,40
Conkeldurr,Fighting,,Guts,Sheer Force,Iron Fist,105,140,95,55,65,45
Tympole,Water,,Swift Swim,Hydration,Water Absorb,50,50,40,50,40,64
Palpitoad,Water,Ground,Swift Swim,Hydration,Water Absorb,75,65,55,65,55,69
Seismitoad,Water,Ground,Swift Swim,Poison Touch,Water Absorb,105,95,75,85,75,74
Throh,Fighting,,Guts,Inner Focus,Mold Breaker,120,100,85,30,85,45
Sawk,Fighting,,Sturdy,Inner Focus,Mold Breaker,75,125,75,30,75,85
Sewaddle,Bug,Grass,Swarm,Chlorophyll,Overcoat,45,53,70,40,60,42
Swadloon,Bug,Grass,Leaf Guard,Chlorophyll,Overcoat,55,63,90,50,80,42
Leavanny,Bug,Grass,Swarm,Chlorophyll,Overcoat,75,103,80,70,80,92
Venipede,Bug,Poison,Poison Point,Swarm,Speed Boost,30,45,59,30,39,57
Whirlipede,Bug,Poison,Poison Point,Swarm,Speed Boost,40,55,99,40,79,47
Scolipede,Bug,Poison,Poison Point,Swarm,Speed Boost,60,100,89,55,69,112
Cottonee,Grass,Fairy,Prankster,Infiltrator,Chlorophyll,40,27,60,37,50,66
Whimsicott,Grass,Fairy,Prankster,Infiltrator,Chlorophyll,60,67,85,77,75,116
Petilil,Grass,,Chlorophyll,Own Tempo,Leaf Guard,45,35,50,70,50,30
Lilligant,Grass,,Chlorophyll,Own Tempo,Leaf Guard,70,60,75,110,75,90
Basculin Red-Striped Form,Water,,Reckless,Adaptability,Mold Breaker,70,92,65,80,55,98
Basculin Blue-Striped Form,Water,,Rock Head,Adaptability,Mold Breaker,70,92,65,80,55,98
Sandile,Ground,Dark,Intimidate,Moxie,Anger Point,50,72,35,35,35,65
Krokorok,Ground,Dark,Intimidate,Moxie,Anger Point,60,82,45,45,45,74
Krookodile,Ground,Dark,Intimidate,Moxie,Anger Point,95,117,80,65,70,92
Darumaka,Fire,,Hustle,,Inner Focus,70,90,45,15,45,50
Galarian Darumaka,Ice,,Hustle,,Inner Focus,70,90,45,15,45,50
Darmanitan Standard Mode,Fire,,Sheer Force,,Zen Mode,105,140,55,30,55,95
Darmanitan Zen Mode,Fire,Psychic,Sheer Force,,Zen Mode,105,30,105,140,105,55
Darmanitan Galarian Standard Mode,Ice,,Gorilla Tactics,,Zen Mode,105,140,55,30,55,95
Darmanitan Galarian Zen Mode,Ice,Fire,Gorilla Tactics,,Zen Mode,105,160,55,30,55,135
Maractus,Grass,,Water Absorb,Chlorophyll,Storm Drain,75,86,67,106,67,60
Dwebble,Bug,Rock,Sturdy,Shell Armor,Weak Armor,50,65,85,35,35,55
Crustle,Bug,Rock,Sturdy,Shell Armor,Weak Armor,70,105,125,65,75,45
Scraggy,Dark,Fighting,Shed Skin,Moxie,Intimidate,50,75,70,35,70,48
Scrafty,Dark,Fighting,Shed Skin,Moxie,Intimidate,65,90,115,45,115,58
Sigilyph,Psychic,Flying,Wonder Skin,Magic Guard,Tinted Lens,72,58,80,103,80,97
Yamask,Ghost,,Mummy,,,38,30,85,55,65,30
Galarian Yamask,Ground,Ghost,Wandering Spirit,,,38,55,85,30,65,30
Cofagrigus,Ghost,,Mummy,,,58,50,145,95,105,30
Tirtouga,Water,Rock,Solid Rock,Sturdy,Swift Swim,54,78,103,53,45,22
Carracosta,Water,Rock,Solid Rock,Sturdy,Swift Swim,74,108,133,83,65,32
Archen,Rock,Flying,Defeatist,,,55,112,45,74,45,70
Archeops,Rock,Flying,Defeatist,,,75,140,65,112,65,110
Trubbish,Poison,,Stench,Sticky Hold,Aftermath,50,50,62,40,62,65
Garbodor,Poison,,Stench,Weak Armor,Aftermath,80,95,82,60,82,75
Zorua,Dark,,Illusion,,,40,65,40,80,40,65
Zoroark,Dark,,Illusion,,,60,105,60,120,60,105
Minccino,Normal,,Cute Charm,Technician,Skill Link,55,50,40,40,40,75
Cinccino,Normal,,Cute Charm,Technician,Skill Link,75,95,60,65,60,115
Gothita,Psychic,,Frisk,Competitive,Shadow Tag,45,30,50,55,65,45
Gothorita,Psychic,,Frisk,Competitive,Shadow Tag,60,45,70,75,85,55
Gothitelle,Psychic,,Frisk,Competitive,Shadow Tag,70,55,95,95,110,65
Solosis,Psychic,,Overcoat,Magic Guard,Regenerator,45,30,40,105,50,20
Duosion,Psychic,,Overcoat,Magic Guard,Regenerator,65,40,50,125,60,30
Reuniclus,Psychic,,Overcoat,Magic Guard,Regenerator,110,65,75,125,85,30
Ducklett,Water,Flying,Keen Eye,Big Pecks,Hydration,62,44,50,44,50,55
Swanna,Water,Flying,Keen Eye,Big Pecks,Hydration,75,87,63,87,63,98
Vanillite,Ice,,Ice Body,Snow Cloak,Weak Armor,36,50,50,65,60,44
Vanillish,Ice,,Ice Body,Snow Cloak,Weak Armor,51,65,65,80,75,59
Vanilluxe,Ice,,Ice Body,Snow Warning,Weak Armor,71,95,85,110,95,79
Deerling,Normal,Grass,Chlorophyll,Sap Sipper,Serene Grace,60,60,50,40,50,75
Sawsbuck,Normal,Grass,Chlorophyll,Sap Sipper,Serene Grace,80,100,70,60,70,95
Emolga,Electric,Flying,Static,,Motor Drive,55,75,60,75,60,103
Karrablast,Bug,,Swarm,Shed Skin,No Guard,50,75,45,40,45,60
Escavalier,Bug,Steel,Swarm,Shell Armor,Overcoat,70,135,105,60,105,20
Foongus,Grass,Poison,Effect Spore,,Regenerator,69,55,45,55,55,15
Amoonguss,Grass,Poison,Effect Spore,,Regenerator,114,85,70,85,80,30
Frillish,Water,Ghost,Water Absorb,Cursed Body,Damp,55,40,50,65,85,40
Jellicent,Water,Ghost,Water Absorb,Cursed Body,Damp,100,60,70,85,105,60
Alomomola,Water,,Healer,Hydration,Regenerator,165,75,80,40,45,65
Joltik,Bug,Electric,Compound Eyes,Unnerve,Swarm,50,47,50,57,50,65
Galvantula,Bug,Electric,Compound Eyes,Unnerve,Swarm,70,77,60,97,60,108
Ferroseed,Grass,Steel,Iron Barbs,,Anticipation,44,50,91,24,86,10
Ferrothorn,Grass,Steel,Iron Barbs,,Anticipation,74,94,131,54,116,20
Klink,Steel,,Plus,Minus,Clear Body,40,55,70,45,60,30
Klang,Steel,,Plus,Minus,Clear Body,60,80,95,70,85,50
Klinklang,Steel,,Plus,Minus,Clear Body,60,100,115,70,85,90
Tynamo,Electric,,Levitate,,,35,55,40,45,40,60
Eelektrik,Electric,,Levitate,,,65,85,70,75,70,40
Eelektross,Electric,,Levitate,,,85,115,80,105,80,50
Elgyem,Psychic,,Telepathy,Synchronize,Analytic,55,55,55,85,55,30
Beheeyem,Psychic,,Telepathy,Synchronize,Analytic,75,75,75,125,95,40
Litwick,Ghost,Fire,Flash Fire,Flame Body,Infiltrator,50,30,55,65,55,20
Lampent,Ghost,Fire,Flash Fire,Flame Body,Infiltrator,60,40,60,95,60,55
Chandelure,Ghost,Fire,Flash Fire,Flame Body,Infiltrator,60,55,90,145,90,80
Axew,Dragon,,Rivalry,Mold Breaker,Unnerve,46,87,60,30,40,57
Fraxure,Dragon,,Rivalry,Mold Breaker,Unnerve,66,117,70,40,50,67
Haxorus,Dragon,,Rivalry,Mold Breaker,Unnerve,76,147,90,60,70,97
Cubchoo,Ice,,Snow Cloak,Slush Rush,Rattled,55,70,40,60,40,40
Beartic,Ice,,Snow Cloak,Slush Rush,Swift Swim,95,130,80,70,80,50
Cryogonal,Ice,,Levitate,,,80,50,50,95,135,105
Shelmet,Bug,,Hydration,Shell Armor,Overcoat,50,40,85,40,65,25
Accelgor,Bug,,Hydration,Sticky Hold,Unburden,80,70,40,100,60,145
Stunfisk,Ground,Electric,Static,Limber,Sand Veil,109,66,84,81,99,32
Galarian Stunfisk,Ground,Steel,Mimicry,,,109,81,99,66,84,32
Mienfoo,Fighting,,Inner Focus,Regenerator,Reckless,45,85,50,55,50,65
Mienshao,Fighting,,Inner Focus,Regenerator,Reckless,65,125,60,95,60,105
Druddigon,Dragon,,Rough Skin,Sheer Force,Mold Breaker,77,120,90,60,90,48
Golett,Ground,Ghost,Iron Fist,Klutz,No Guard,59,74,50,35,50,35
Golurk,Ground,Ghost,Iron Fist,Klutz,No Guard,89,124,80,55,80,55
Pawniard,Dark,Steel,Defiant,Inner Focus,Pressure,45,85,70,40,40,60
Bisharp,Dark,Steel,Defiant,Inner Focus,Pressure,65,125,100,60,70,70
Bouffalant,Normal,,Reckless,Sap Sipper,Soundproof,95,110,95,40,95,55
Rufflet,Normal,Flying,Keen Eye,Sheer Force,Hustle,70,83,50,37,50,60
Braviary,Normal,Flying,Keen Eye,Sheer Force,Defiant,100,123,75,57,75,80
Vullaby,Dark,Flying,Big Pecks,Overcoat,Weak Armor,70,55,75,45,65,60
Mandibuzz,Dark,Flying,Big Pecks,Overcoat,Weak Armor,110,65,105,55,95,80
Heatmor,Fire,,Gluttony,Flash Fire,White Smoke,85,97,66,105,66,65
Durant,Bug,Steel,Swarm,Hustle,Truant,58,109,112,48,48,109
Deino,Dark,Dragon,Hustle,,,52,65,50,45,50,38
Zweilous,Dark,Dragon,Hustle,,,72,85,70,65,70,58
Hydreigon,Dark,Dragon,Levitate,,,92,105,90,125,90,98
Larvesta,Bug,Fire,Flame Body,,Swarm,55,85,55,50,55,60
Volcarona,Bug,Fire,Flame Body,,Swarm,85,60,65,135,105,100
Cobalion,Steel,Fighting,Justified,,,91,90,129,90,72,108
Terrakion,Rock,Fighting,Justified,,,91,129,90,72,90,108
Virizion,Grass,Fighting,Justified,,,91,90,72,90,129,108
Tornadus Incarnate Forme,Flying,,Prankster,,Defiant,79,115,70,125,80,111
Tornadus Therian Forme,Flying,,Regenerator,,,79,100,80,110,90,121
Thundurus Incarnate Forme,Electric,Flying,Prankster,,Defiant,79,115,70,125,80,111
Thundurus Therian Forme,Electric,Flying,Volt Absorb,,,79,105,70,145,80,101
Reshiram,Dragon,Fire,Turboblaze,,,100,120,100,150,120,90
Zekrom,Dragon,Electric,Teravolt,,,100,150,120,120,100,90
Landorus Incarnate Forme,Ground,Flying,Sand Force,,Sheer Force,89,125,90,115,80,101
Landorus Therian Forme,Ground,Flying,Intimidate,,,89,145,90,105,80,91
Kyurem,Dragon,Ice,Pressure,,,125,130,90,130,90,95
Black Kyurem,Dragon,Ice,Teravolt,,,125,170,100,120,90,95
White Kyurem,Dragon,Ice,Turboblaze,,,125,120,90,170,100,95
Keldeo Ordinary Forme,Water,Fighting,Justified,,,91,72,90,129,90,108
Keldeo Resolute Forme,Water,Fighting,Justified,,,91,72,90,129,90,108
Meloetta Aria Forme,Normal,Psychic,Serene Grace,,,100,77,77,128,128,90
Meloetta Pirouette Forme,Normal,Fighting,Serene Grace,,,100,128,90,77,77,128
Genesect,Bug,Steel,Download,,,71,120,95,120,95,99
Chespin,Grass,,Overgrow,,Bulletproof,56,61,65,48,45,38
Quilladin,Grass,,Overgrow,,Bulletproof,61,78,95,56,58,57
Chesnaught,Grass,Fighting,Overgrow,,Bulletproof,88,107,122,74,75,64
Fennekin,Fire,,Blaze,,Magician,40,45,40,62,60,60
Braixen,Fire,,Blaze,,Magician,59,59,58,90,70,73
Delphox,Fire,Psychic,Blaze,,Magician,75,69,72,114,100,104
Froakie,Water,,Torrent,,Protean,41,56,40,62,44,71
Frogadier,Water,,Torrent,,Protean,54,63,52,83,56,97
Greninja,Water,Dark,Torrent,,Protean,72,95,67,103,71,122
Ash-Greninja,Water,Dark,Battle Bond,,,72,145,67,153,71,132
Bunnelby,Normal,,Pickup,Cheek Pouch,Huge Power,38,36,38,32,36,57
Diggersby,Normal,Ground,Pickup,Cheek Pouch,Huge Power,85,56,77,50,77,78
Fletchling,Normal,Flying,Big Pecks,,Gale Wings,45,50,43,40,38,62
Fletchinder,Fire,Flying,Flame Body,,Gale Wings,62,73,55,56,52,84
Talonflame,Fire,Flying,Flame Body,,Gale Wings,78,81,71,74,69,126
Scatterbug,Bug,,Shield Dust,Compound Eyes,Friend Guard,38,35,40,27,25,35
Spewpa,Bug,,Shed Skin,,Friend Guard,45,22,60,27,30,29
Vivillon,Bug,Flying,Shield Dust,Compound Eyes,Friend Guard,80,52,50,90,50,89
Litleo,Fire,Normal,Rivalry,Unnerve,Moxie,62,50,58,73,54,72
Pyroar,Fire,Normal,Rivalry,Unnerve,Moxie,86,68,72,109,66,106
Flabébé,Fairy,,Flower Veil,,Symbiosis,44,38,39,61,79,42
Floette,Fairy,,Flower Veil,,Symbiosis,54,45,47,75,98,52
Florges,Fairy,,Flower Veil,,Symbiosis,78,65,68,112,154,75
Skiddo,Grass,,Sap Sipper,,Grass Pelt,66,65,48,62,57,52
Gogoat,Grass,,Sap Sipper,,Grass Pelt,123,100,62,97,81,68
Pancham,Fighting,,Iron Fist,Mold Breaker,Scrappy,67,82,62,46,48,43
Pangoro,Fighting,Dark,Iron Fist,Mold Breaker,Scrappy,95,124,78,69,71,58
Furfrou,Normal,,Fur Coat,,,75,80,60,65,90,102
Espurr,Psychic,,Keen Eye,Infiltrator,Own Tempo,62,48,54,63,60,68
Meowstic Male,Psychic,,Keen Eye,Infiltrator,Prankster,74,48,76,83,81,104
Meowstic Female,Psychic,,Keen Eye,Infiltrator,Competitive,74,48,76,83,81,104
Honedge,Steel,Ghost,No Guard,,,45,80,100,35,37,28
Doublade,Steel,Ghost,No Guard,,,59,110,150,45,49,35
Aegislash Blade Forme,Steel,Ghost,Stance Change,,,60,150,50,150,50,60
Aegislash Shield Forme,Steel,Ghost,Stance Change,,,60,50,150,50,150,60
Spritzee,Fairy,,Healer,,Aroma Veil,78,52,60,63,65,23
Aromatisse,Fairy,,Healer,,Aroma Veil,101,72,72,99,89,29
Swirlix,Fairy,,Sweet Veil,,Unburden,62,48,66,59,57,49
Slurpuff,Fairy,,Sweet Veil,,Unburden,82,80,86,85,75,72
Inkay,Dark,Psychic,Contrary,Suction Cups,Infiltrator,53,54,53,37,46,45
Malamar,Dark,Psychic,Contrary,Suction Cups,Infiltrator,86,92,88,68,75,73
Binacle,Rock,Water,Sniper,Tough Claws,Pickpocket,42,52,67,39,56,50
Barbaracle,Rock,Water,Sniper,Tough Claws,Pickpocket,72,105,115,54,86,68
Skrelp,Poison,Water,Poison Point,Poison Touch,Adaptability,50,60,60,60,60,30
Dragalge,Poison,Dragon,Poison Point,Poison Touch,Adaptability,65,75,90,97,123,44
Clauncher,Water,,Mega Launcher,,,50,53,62,58,63,44
Clawitzer,Water,,Mega Launcher,,,71,73,88,120,89,59
Helioptile,Electric,Normal,Dry Skin,Sand Veil,Solar Power,44,38,33,61,43,70
Heliolisk,Electric,Normal,Dry Skin,Sand Veil,Solar Power,62,55,52,109,94,109
Tyrunt,Rock,Dragon,Strong Jaw,,Sturdy,58,89,77,45,45,48
Tyrantrum,Rock,Dragon,Strong Jaw,,Rock Head,82,121,119,69,59,71
Amaura,Rock,Ice,Refrigerate,,Snow Warning,77,59,50,67,63,46
Aurorus,Rock,Ice,Refrigerate,,Snow Warning,123,77,72,99,92,58
Sylveon,Fairy,,Cute Charm,,Pixilate,95,65,65,110,130,60
Hawlucha,Fighting,Flying,Limber,Unburden,Mold Breaker,78,92,75,74,63,118
Dedenne,Electric,Fairy,Cheek Pouch,Pickup,Plus,67,58,57,81,67,101
Carbink,Rock,Fairy,Clear Body,,Sturdy,50,50,150,50,150,50
Goomy,Dragon,,Sap Sipper,Hydration,Gooey,45,50,35,55,75,40
Sliggoo,Dragon,,Sap Sipper,Hydration,Gooey,68,75,53,83,113,60
Goodra,Dragon,,Sap Sipper,Hydration,Gooey,90,100,70,110,150,80
Klefki,Steel,Fairy,Prankster,,Magician,57,80,91,80,87,75
Phantump,Ghost,Grass,Natural Cure,Frisk,Harvest,43,70,48,50,60,38
Trevenant,Ghost,Grass,Natural Cure,Frisk,Harvest,85,110,76,65,82,56
Pumpkaboo Average Size,Ghost,Grass,Pickup,Frisk,Insomnia,49,66,70,44,55,51
Pumpkaboo Small Size,Ghost,Grass,Pickup,Frisk,Insomnia,44,66,70,44,55,56
Pumpkaboo Large Size,Ghost,Grass,Pickup,Frisk,Insomnia,54,66,70,44,55,46
Pumpkaboo Super Size,Ghost,Grass,Pickup,Frisk,Insomnia,59,66,70,44,55,41
Gourgeist Average Size,Ghost,Grass,Pickup,Frisk,Insomnia,65,90,122,58,75,84
Gourgeist Small Size,Ghost,Grass,Pickup,Frisk,Insomnia,55,85,122,58,75,99
Gourgeist Large Size,Ghost,Grass,Pickup,Frisk,Insomnia,75,95,122,58,75,69
Gourgeist Super Size,Ghost,Grass,Pickup,Frisk,Insomnia,85,100,122,58,75,54
Bergmite,Ice,,Own Tempo,Ice Body,Sturdy,55,69,85,32,35,28
Avalugg,Ice,,Own Tempo,Ice Body,Sturdy,95,117,184,44,46,28
Noibat,Flying,Dragon,Frisk,Infiltrator,Telepathy,40,30,35,45,40,55
Noivern,Flying,Dragon,Frisk,Infiltrator,Telepathy,85,70,80,97,80,123
Xerneas,Fairy,,Fairy Aura,,,126,131,95,131,98,99
Yveltal,Dark,Flying,Dark Aura,,,126,131,95,131,98,99
Zygarde 50% Forme,Dragon,Ground,Aura Break,Power Construct,,108,100,121,81,95,95
Zygarde 10% Forme,Dragon,Ground,Aura Break,Power Construct,,54,100,71,61,85,115
Zygarde Complete Forme,Dragon,Ground,Power Construct,,,216,100,121,91,95,85
Diancie,Rock,Fairy,Clear Body,,,50,100,150,100,150,50
Mega Diancie,Rock,Fairy,Magic Bounce,,,50,160,110,160,110,110
Hoopa Hoopa Confined,Psychic,Ghost,Magician,,,80,110,60,150,130,70
Hoopa Hoopa Unbound,Psychic,Dark,Magician,,,80,160,60,170,130,80
Volcanion,Fire,Water,Water Absorb,,,80,110,120,130,90,70
Rowlet,Grass,Flying,Overgrow,,Long Reach,68,55,55,50,50,42
Dartrix,Grass,Flying,Overgrow,,Long Reach,78,75,75,70,70,52
Decidueye,Grass,Ghost,Overgrow,,Long Reach,78,107,75,100,100,70
Litten,Fire,,Blaze,,Intimidate,45,65,40,60,40,70
Torracat,Fire,,Blaze,,Intimidate,65,85,50,80,50,90
Incineroar,Fire,Dark,Blaze,,Intimidate,95,115,90,80,90,60
Popplio,Water,,Torrent,,Liquid Voice,50,54,54,66,56,40
Brionne,Water,,Torrent,,Liquid Voice,60,69,69,91,81,50
Primarina,Water,Fairy,Torrent,,Liquid Voice,80,74,74,126,116,60
Pikipek,Normal,Flying,Keen Eye,Skill Link,Pickup,35,75,30,30,30,65
Trumbeak,Normal,Flying,Keen Eye,Skill Link,Pickup,55,85,50,40,50,75
Toucannon,Normal,Flying,Keen Eye,Skill Link,Sheer Force,80,120,75,75,75,60
Yungoos,Normal,,Strong Jaw,Stakeout,Adaptability,48,70,30,30,30,45
Gumshoos,Normal,,Strong Jaw,Stakeout,Adaptability,88,110,60,55,60,45
Grubbin,Bug,,Swarm,,,47,62,45,55,45,46
Charjabug,Bug,Electric,Battery,,,57,82,95,55,75,36
Vikavolt,Bug,Electric,Levitate,,,77,70,90,145,75,43
Crabrawler,Fighting,,Hyper Cutter,Iron Fist,Anger Point,47,82,57,42,47,63
Crabominable,Fighting,Ice,Hyper Cutter,Iron Fist,Anger Point,97,132,77,62,67,43
Oricorio Baile Style,Fire,Flying,Dancer,,,75,70,70,98,70,93
Oricorio Pom-Pom Style,Electric,Flying,Dancer,,,75,70,70,98,70,93
Oricorio Pa'u Style,Psychic,Flying,Dancer,,,75,70,70,98,70,93
Oricorio Sensu Style,Ghost,Flying,Dancer,,,75,70,70,98,70,93
Cutiefly,Bug,Fairy,Honey Gather,Shield Dust,Sweet Veil,40,45,40,55,40,84
Ribombee,Bug,Fairy,Honey Gather,Shield Dust,Sweet Veil,60,55,60,95,70,124
Rockruff,Rock,,Keen Eye,Vital Spirit,Steadfast,45,65,40,30,40,60
Own Tempo Rockruff,Rock,,Own Tempo,,,45,65,40,30,40,60
Lycanroc Midday Form,Rock,,Keen Eye,Sand Rush,Steadfast,75,115,65,55,65,112
Lycanroc Midnight Form,Rock,,Keen Eye,Vital Spirit,No Guard,85,115,75,55,75,82
Lycanroc Dusk Form,Rock,,Tough Claws,,,75,117,65,55,65,110
Wishiwashi Solo Form,Water,,Schooling,,,45,20,20,25,25,40
Wishiwashi School Form,Water,,Schooling,,,45,140,130,140,135,30
Mareanie,Poison,Water,Merciless,Limber,Regenerator,50,53,62,43,52,45
Toxapex,Poison,Water,Merciless,Limber,Regenerator,50,63,152,53,142,35
Mudbray,Ground,,Own Tempo,Stamina,Inner Focus,70,100,70,45,55,45
Mudsdale,Ground,,Own Tempo,Stamina,Inner Focus,100,125,100,55,85,35
Dewpider,Water,Bug,Water Bubble,,Water Absorb,38,40,52,40,72,27
Araquanid,Water,Bug,Water Bubble,,Water Absorb,68,70,92,50,132,42
Fomantis,Grass,,Leaf Guard,,Contrary,40,55,35,50,35,35
Lurantis,Grass,,Leaf Guard,,Contrary,70,105,90,80,90,45
Morelull,Grass,Fairy,Illuminate,Effect Spore,Rain Dish,40,35,55,65,75,15
Shiinotic,Grass,Fairy,Illuminate,Effect Spore,Rain Dish,60,45,80,90,100,30
Salandit,Poison,Fire,Corrosion,,Oblivious,48,44,40,71,40,77
Salazzle,Poison,Fire,Corrosion,,Oblivious,68,64,60,111,60,117
Stufful,Normal,Fighting,Fluffy,Klutz,Cute Charm,70,75,50,45,50,50
Bewear,Normal,Fighting,Fluffy,Klutz,Unnerve,120,125,80,55,60,60
Bounsweet,Grass,,Leaf Guard,Oblivious,Sweet Veil,42,30,38,30,38,32
Steenee,Grass,,Leaf Guard,Oblivious,Sweet Veil,52,40,48,40,48,62
Tsareena,Grass,,Leaf Guard,Queenly Majesty,Sweet Veil,72,120,98,50,98,72
Comfey,Fairy,,Flower Veil,Triage,Natural Cure,51,52,90,82,110,100
Oranguru,Normal,Psychic,Inner Focus,Telepathy,Symbiosis,90,60,80,90,110,60
Passimian,Fighting,,Receiver,,Defiant,100,120,90,40,60,80
Wimpod,Bug,Water,Wimp Out,,,25,35,40,20,30,80
Golisopod,Bug,Water,Emergency Exit,,,75,125,140,60,90,40
Sandygast,Ghost,Ground,Water Compaction,,Sand Veil,55,55,80,70,45,15
Palossand,Ghost,Ground,Water Compaction,,Sand Veil,85,75,110,100,75,35
Pyukumuku,Water,,Innards Out,,Unaware,55,60,130,30,130,5
Type: Null,Normal,,Battle Armor,,,95,95,95,95,95,59
Silvally,Normal,,RKS System,,,95,95,95,95,95,95
Minior Meteor Form,Rock,Flying,Shields Down,,,60,60,100,60,100,60
Minior Core Form,Rock,Flying,Shields Down,,,60,100,60,100,60,120
Komala,Normal,,Comatose,,,65,115,65,75,95,65
Turtonator,Fire,Dragon,Shell Armor,,,60,78,135,91,85,36
Togedemaru,Electric,Steel,Iron Barbs,Lightning Rod,Sturdy,65,98,63,40,73,96
Mimikyu,Ghost,Fairy,Disguise,,,55,90,80,50,105,96
Bruxish,Water,Psychic,Dazzling,Strong Jaw,Wonder Skin,68,105,70,70,70,92
Drampa,Normal,Dragon,Berserk,Sap Sipper,Cloud Nine,78,60,85,135,91,36
Dhelmise,Ghost,Grass,Steelworker,,,70,131,100,86,90,40
Jangmo-o,Dragon,,Bulletproof,Soundproof,Overcoat,45,55,65,45,45,45
Hakamo-o,Dragon,Fighting,Bulletproof,Soundproof,Overcoat,55,75,90,65,70,65
Kommo-o,Dragon,Fighting,Bulletproof,Soundproof,Overcoat,75,110,125,100,105,85
Tapu Koko,Electric,Fairy,Electric Surge,,Telepathy,70,115,85,95,75,130
Tapu Lele,Psychic,Fairy,Psychic Surge,,Telepathy,70,85,75,130,115,95
Tapu Bulu,Grass,Fairy,Grassy Surge,,Telepathy,70,130,115,85,95,75
Tapu Fini,Water,Fairy,Misty Surge,,Telepathy,70,75,115,95,130,85
Cosmog,Psychic,,Unaware,,,43,29,31,29,31,37
Cosmoem,Psychic,,Sturdy,,,43,29,131,29,131,37
Solgaleo,Psychic,Steel,Full Metal Body,,,137,137,107,113,89,97
Lunala,Psychic,Ghost,Shadow Shield,,,137,113,89,137,107,97
Nihilego,Rock,Poison,Beast Boost,,,109,53,47,127,131,103
Buzzwole,Bug,Fighting,Beast Boost,,,107,139,139,53,53,79
Pheromosa,Bug,Fighting,Beast Boost,,,71,137,37,137,37,151
Xurkitree,Electric,,Beast Boost,,,83,89,71,173,71,83
Celesteela,Steel,Flying,Beast Boost,,,97,101,103,107,101,61
Kartana,Grass,Steel,Beast Boost,,,59,181,131,59,31,109
Guzzlord,Dark,Dragon,Beast Boost,,,223,101,53,97,53,43
Necrozma,Psychic,,Prism Armor,,,97,107,101,127,89,79
Dusk Mane Necrozma,Psychic,Steel,Prism Armor,,,97,157,127,113,109,77
Dawn Wings Necrozma,Psychic,Ghost,Prism Armor,,,97,113,109,157,127,77
Ultra Necrozma,Psychic,Dragon,Neuroforce,,,97,167,97,167,97,129
Magearna,Steel,Fairy,Soul-Heart,,,80,95,115,130,115,65
Marshadow,Fighting,Ghost,Technician,,,90,125,80,90,90,125
Poipole,Poison,,Beast Boost,,,67,73,67,73,67,73
Naganadel,Poison,Dragon,Beast Boost,,,73,73,73,127,73,121
Stakataka,Rock,Steel,Beast Boost,,,61,131,211,53,101,13
Blacephalon,Fire,Ghost,Beast Boost,,,53,127,53,151,79,107
Zeraora,Electric,,Volt Absorb,,,88,112,75,102,80,143
Meltan,Steel,,Magnet Pull,,,46,65,65,55,35,34
Melmetal,Steel,,Iron Fist,,,135,143,143,80,65,34
Grookey,Grass,,Overgrow,,Grassy Surge,50,65,50,40,40,65
Thwackey,Grass,,Overgrow,,Grassy Surge,70,85,70,55,60,80
Rillaboom,Grass,,Overgrow,,Grassy Surge,100,125,90,60,70,85
Scorbunny,Fire,,Blaze,,Libero,50,71,40,40,40,69
Raboot,Fire,,Blaze,,Libero,65,86,60,55,60,94
Cinderace,Fire,,Blaze,,Libero,80,116,75,65,75,119
Sobble,Water,,Torrent,,Sniper,50,40,40,70,40,70
Drizzile,Water,,Torrent,,Sniper,65,60,55,95,55,90
Inteleon,Water,,Torrent,,Sniper,70,85,65,125,65,120
Skwovet,Normal,,Cheek Pouch,,Gluttony,70,55,55,35,35,25
Greedent,Normal,,Cheek Pouch,,Gluttony,120,95,95,55,75,20
Rookidee,Flying,,Keen Eye,Unnerve,Big Pecks,38,47,35,33,35,57
Corvisquire,Flying,,Keen Eye,Unnerve,Big Pecks,68,67,55,43,55,77
Corviknight,Flying,Steel,Pressure,Unnerve,Mirror Armor,98,87,105,53,85,67
Blipbug,Bug,,Swarm,Compound Eyes,Telepathy,25,20,20,25,45,45
Dottler,Bug,Psychic,Swarm,Compound Eyes,Telepathy,50,35,80,50,90,30
Orbeetle,Bug,Psychic,Swarm,Frisk,Telepathy,60,45,110,80,120,90
Nickit,Dark,,Run Away,Unburden,Stakeout,40,28,28,47,52,50
Thievul,Dark,,Run Away,Unburden,Stakeout,70,58,58,87,92,90
Gossifleur,Grass,,Cotton Down,Regenerator,Effect Spore,40,40,60,40,60,10
Eldegoss,Grass,,Cotton Down,Regenerator,Effect Spore,60,50,90,80,120,60
Wooloo,Normal,,Fluffy,Run Away,Bulletproof,42,40,55,40,45,48
Dubwool,Normal,,Fluffy,Steadfast,Bulletproof,72,80,100,60,90,88
Chewtle,Water,,Strong Jaw,Shell Armor,Swift Swim,50,64,50,38,38,44
Drednaw,Water,Rock,Strong Jaw,Shell Armor,Swift Swim,90,115,90,48,68,74
Yamper,Electric,,Ball Fetch,,Rattled,59,45,50,40,50,26
Boltund,Electric,,Strong Jaw,,Competitive,69,90,60,90,60,121
Rolycoly,Rock,,Steam Engine,Heatproof,Flash Fire,30,40,50,40,50,30
Carkol,Rock,Fire,Steam Engine,Flame Body,Flash Fire,80,60,90,60,70,50
Coalossal,Rock,Fire,Steam Engine,Flame Body,Flash Fire,110,80,120,80,90,30
Applin,Grass,Dragon,Ripen,Gluttony,Bulletproof,40,40,80,40,40,20
Flapple,Grass,Dragon,Ripen,Gluttony,Hustle,70,110,80,95,60,70
Appletun,Grass,Dragon,Ripen,Gluttony,Thick Fat,110,85,80,100,80,30
Silicobra,Ground,,Sand Spit,Shed Skin,Sand Veil,52,57,75,35,50,46
Sandaconda,Ground,,Sand Spit,Shed Skin,Sand Veil,72,107,125,65,70,71
Cramorant,Flying,Water,Gulp Missile,,,70,85,55,85,95,85
Arrokuda,Water,,Swift Swim,,Propeller Tail,41,63,40,40,30,66
Barraskewda,Water,,Swift Swim,,Propeller Tail,61,123,60,60,50,136
Toxel,Electric,Poison,Rattled,Static,Klutz,40,38,35,54,35,40
Toxtricity Low Key Form,Electric,Poison,Punk Rock,Minus,Technician,75,98,70,114,70,75
Toxtricity Amped Form,Electric,Poison,Punk Rock,Plus,Technician,75,98,70,114,70,75
Sizzlipede,Fire,Bug,Flash Fire,White Smoke,Flame Body,50,65,45,50,50,45
Centiskorch,Fire,Bug,Flash Fire,White Smoke,Flame Body,100,115,65,90,90,65
Clobbopus,Fighting,,Limber,,Technician,50,68,60,50,50,32
Grapploct,Fighting,,Limber,,Technician,80,118,90,70,80,42
Sinistea,Ghost,,Weak Armor,,Cursed Body,40,45,45,74,54,50
Polteageist,Ghost,,Weak Armor,,Cursed Body,60,65,65,134,114,70
Hatenna,Psychic,,Healer,Anticipation,Magic Bounce,42,30,45,56,53,39
Hattrem,Psychic,,Healer,Anticipation,Magic Bounce,57,40,65,86,73,49
Hatterene,Psychic,Fairy,Healer,Anticipation,Magic Bounce,57,90,95,136,103,29
Impidimp,Dark,Fairy,Prankster,Frisk,Pickpocket,45,45,30,55,40,50
Morgrem,Dark,Fairy,Prankster,Frisk,Pickpocket,65,60,45,75,55,70
Grimmsnarl,Dark,Fairy,Prankster,Frisk,Pickpocket,95,120,65,95,75,60
Obstagoon,Dark,Normal,Reckless,Guts,Defiant,93,90,101,60,81,95
Perrserker,Steel,,Battle Armor,Tough Claws,Steely Spirit,70,110,100,50,60,50
Cursola,Ghost,,Weak Armor,,Perish Body,60,95,50,145,130,30
Sirfetch'd,Fighting,,Steadfast,,Scrappy,62,135,95,68,82,65
Mr. Rime,Psychic,Ice,Tangled Feet,Screen Cleaner,Ice Body,80,85,75,110,100,70
Runerigus,Ground,Ghost,Wandering Spirit,,,58,95,145,50,105,30
Milcery,Fairy,,Sweet Veil,,Aroma Veil,45,40,40,50,61,34
Alcremie,Fairy,,Sweet Veil,,Aroma Veil,65,60,75,110,121,64
Falinks,Fighting,,Battle Armor,,Defiant,65,100,100,70,60,75
Pincurchin,Electric,,Lightning Rod,,Electric Surge,48,101,95,91,85,15
Snom,Ice,Bug,Shield Dust,,Ice Scales,30,25,35,45,30,20
Frosmoth,Ice,Bug,Shield Dust,,Ice Scales,70,65,60,125,90,65
Stonjourner,Rock,,Power Spot,,,100,125,135,20,20,70
Eiscue Ice Face,Ice,,Ice Face,,,75,80,110,65,90,50
Eiscue Noice Face,Ice,,Ice Face,,,75,80,70,65,50,130
Indeedee Male,Psychic,Normal,Inner Focus,Synchronize,Psychic Surge,60,65,55,105,95,95
Indeedee Female,Psychic,Normal,Own Tempo,Synchronize,Psychic Surge,70,55,65,95,105,85
Morpeko Full Belly Mode,Electric,Dark,Hunger Switch,,,58,95,58,70,58,97
Morpeko Hangry Mode,Electric,Dark,Hunger Switch,,,58,95,58,70,58,97
Cufant,Steel,,Sheer Force,,Heavy Metal,72,80,49,40,49,40
Copperajah,Steel,,Sheer Force,,Heavy Metal,122,130,69,80,69,30
Dracozolt,Electric,Dragon,Volt Absorb,Hustle,Sand Rush,90,100,90,80,70,75
Arctozolt,Electric,Ice,Volt Absorb,Static,Slush Rush,90,100,90,90,80,55
Dracovish,Water,Dragon,Water Absorb,Strong Jaw,Sand Rush,90,90,100,70,80,75
Arctovish,Water,Ice,Water Absorb,Ice Body,Slush Rush,90,90,100,80,90,55
Duraludon,Steel,Dragon,Light Metal,Heavy Metal,Stalwart,70,95,115,120,50,85
Dreepy,Dragon,Ghost,Clear Body,Infiltrator,Cursed Body,28,60,30,40,30,82
Drakloak,Dragon,Ghost,Clear Body,Infiltrator,Cursed Body,68,80,50,60,50,102
Dragapult,Dragon,Ghost,Clear Body,Infiltrator,Cursed Body,88,120,75,100,75,142
Zacian Crowned Sword,Fairy,Steel,Intrepid Sword,,,92,170,115,80,115,148
Zacian Hero of Many Battles,Fairy,,Intrepid Sword,,,92,130,115,80,115,138
Zamazenta Crowned Shield,Fighting,Steel,Dauntless Shield,,,92,130,145,80,145,128
Zamazenta Hero of Many Battles,Fighting,,Dauntless Shield,,,92,130,115,80,115,138
Eternatus,Poison,Dragon,Pressure,,,140,85,95,145,95,130
Eternatus Eternamax,Poison,Dragon,,,,255,115,250,125,250,130
